City,FAA,IATA,ICAO,Airport,Role,Enplanements
Birmingham,BHM,BHM,KBHM,Birmingham–Shuttlesworth International Airport,P-S,"1,335,215"
Dothan,DHN,DHN,KDHN,Dothan Regional Airport,P-N,"48,423"
Huntsville,HSV,HSV,KHSV,Huntsville International Airport (Carl T. Jones Field),P-S,"505,541"
Mobile,MOB,MOB,KMOB,Mobile Regional Airport,P-N,"287,661"
Montgomery,MGM,MGM,KMGM,Montgomery Regional Airport (Dannelly Field),P-N,"157,958"
Anchorage,ANC,ANC,PANC,Ted Stevens Anchorage International Airport,P-M,"2,325,030"
Aniak,ANI,ANI,PANI,Aniak Airport,P-N,"14,334"
Barrow,BRW,BRW,PABR,Wiley Post–Will Rogers Memorial Airport,P-N,"51,568"
Bethel,BET,BET,PABE,Bethel Airport (also see Bethel Seaplane Base),P-N,"152,084"
Cordova,CDV,CDV,PACV,Merle K. (Mudhole) Smith Airport,P-N,"15,772"
Deadhorse / Prudhoe Bay,SCC,SCC,PASC,Deadhorse Airport (Prudhoe Bay Airport),P-N,"48,588"
Dillingham,DLG,DLG,PADL,Dillingham Airport,P-N,"26,632"
Fairbanks,FAI,FAI,PAFA,Fairbanks International Airport,P-S,"457,372"
Galena,GAL,GAL,PAGA,Edward G. Pitka Sr. Airport,P-N [nb 1],"14,141"
Gustavus,GST,GST,PGST,Gustavus Airport,P-N [nb 2],"14,141"
Haines,HNS,HNS,PAHN,Haines Airport (also see Haines Seaplane Base),P-N,"10,106"
Homer,HOM,HOM,PAHO,Homer Airport,P-N,"37,705"
Hoonah,HNH,HNH,PAOH,Hoonah Airport (also see Hoonah Seaplane Base),P-N [nb 3],"10,468"
Juneau,JNU,JNU,PAJN,Juneau International Airport,P-N,"321,573"
Kenai,ENA,ENA,PAEN,Kenai Municipal Airport,P-N,"99,821"
Ketchikan,KTN,KTN,PAKT,Ketchikan International Airport,P-N,"109,433"
King Salmon,AKN,AKN,PAKN,King Salmon Airport,P-N,"35,450"
Kodiak,ADQ,ADQ,PADQ,Kodiak Airport,P-N,"79,930"
Kotzebue,OTZ,OTZ,PAOT,Ralph Wien Memorial Airport,P-N,"61,274"
Nome,OME,OME,PAOM,Nome Airport,P-N,"58,020"
Petersburg,PSG,PSG,PAPG,Petersburg James A. Johnson Airport,P-N,"20,046"
Sitka,SIT,SIT,PASI,Sitka Rocky Gutierrez Airport,P-N,"67,989"
St. Mary's,KSM,KSM,PASM,St. Mary's Airport,P-N,"13,949"
Unalakleet,UNK,UNK,PAUN,Unalakleet Airport,P-N,"14,011"
Unalaska,DUT,DUT,PADU,Unalaska Airport (Tom Madsen Airport),P-N,"28,556"
Valdez,VDZ,VDZ,PAVD,Valdez Airport (Pioneer Field),P-N,"13,318"
Wrangell,WRG,WRG,PAWG,Wrangell Airport (also see Wrangell Seaplane Base),P-N,"11,807"
Yakutat,YAK,YAK,PAYA,Yakutat Airport (also see Yakutat Seaplane Base),P-N,"10,135"
Bullhead City,IFP,IFP,KIFP,Laughlin/Bullhead International Airport,P-N,"109,647"
Flagstaff,FLG,FLG,KFLG,Flagstaff Pulliam Airport,P-N,"58,323"
Grand Canyon / Tusayan,GCN,GCN,KGCN,Grand Canyon National Park Airport,P-N,"126,364"
Mesa,IWA,AZA,KIWA,Phoenix–Mesa Gateway Airport,P-N,"725,048"
Page,PGA,PGA,KPGA,Page Municipal Airport,P-N,"25,260"
Peach Springs,1G4,GCW,,Grand Canyon West Airport,P-N,"59,846"
Phoenix,PHX,PHX,KPHX,Phoenix Sky Harbor International Airport,P-L,"19,525,829"
Tucson,TUS,TUS,KTUS,Tucson International Airport,P-S,"1,570,329"
Yuma,NYL,YUM,KNYL,Yuma International Airport / MCAS Yuma,P-N,"78,395"
Fayetteville,XNA,XNA,KXNA,Northwest Arkansas Regional Airport,P-S,"558,218"
Fort Smith,FSM,FSM,KFSM,Fort Smith Regional Airport,P-N,"82,742"
Little Rock,LIT,LIT,KLIT,Bill and Hillary Clinton National Airport (Adams Field) (was Little Rock National),P-S,"1,055,608"
Texarkana,TXK,TXK,KTXK,Texarkana Regional Airport (Webb Field),P-N,"32,882"
Arcata / Eureka,ACV,ACV,KACV,Arcata Airport,P-N,"56,682"
Bakersfield,BFL,BFL,KBFL,Meadows Field,P-N,"143,175"
Burbank,BUR,BUR,KBUR,Bob Hope Airport,P-M,"1,919,005"
Carlsbad,CRQ,CLD,KCRQ,McClellan–Palomar Airport,P-N,"52,561"
Chico,CIC,CIC,KCIC,Chico Municipal Airport,P-N,"16,835"
Crescent City,CEC,CEC,KCEC,Del Norte County Airport (Jack McNamara Field),P-N,"12,136"
Fresno,FAT,FAT,KFAT,Fresno Yosemite International Airport,P-S,"684,849"
Long Beach,LGB,LGB,KLGB,Long Beach Airport (Daugherty Field),P-S,"1,438,948"
Los Angeles,LAX,LAX,KLAX,Los Angeles International Airport,P-L,"32,427,115"
Mammoth Lakes,MMH,MMH,KMMH,Mammoth Yosemite Airport,P-N [nb 4],"30,970"
Modesto,MOD,MOD,KMOD,Modesto City–County Airport (Harry Sham Field),P-N,"11,310"
Monterey,MRY,MRY,KMRY,Monterey Regional Airport (was Monterey Peninsula Airport),P-N,"205,838"
Oakland,OAK,OAK,KOAK,Oakland International Airport,P-M,"4,771,830"
Ontario,ONT,ONT,KONT,Ontario International Airport,P-M,"1,970,538"
Palm Springs,PSP,PSP,KPSP,Palm Springs International Airport,P-S,"876,428"
Redding,RDD,RDD,KRDD,Redding Municipal Airport,P-N,"24,875"
Sacramento,SMF,SMF,KSMF,Sacramento International Airport,P-M,"4,255,145"
San Diego,SAN,SAN,KSAN,San Diego International Airport,P-L,"8,876,777"
San Francisco,SFO,SFO,KSFO,San Francisco International Airport,P-L,"21,706,567"
San Jose,SJC,SJC,KSJC,Norman Y. Mineta San José International Airport,P-M,"4,317,896"
San Luis Obispo,SBP,SBP,KSBP,San Luis Obispo County Regional Airport (McChesney Field),P-N,"135,844"
Santa Ana,SNA,SNA,KSNA,John Wayne Airport – Orange County (was Orange County Airport),P-M,"4,542,376"
Santa Barbara,SBA,SBA,KSBA,Santa Barbara Municipal Airport (Santa Barbara Airport),P-N,"365,036"
Santa Maria,SMX,SMX,KSMX,Santa Maria Public Airport (Capt G. Allan Hancock Field),P-N,"51,395"
Santa Rosa,STS,STS,KSTS,Charles M. Schulz–Sonoma County Airport,P-N,"113,083"
Stockton,SCK,SCK,KSCK,Stockton Metropolitan Airport,P-N,"71,757"
Aspen,ASE,ASE,KASE,Aspen-Pitkin County Airport (Sardy Field),P-N,"208,682"
Colorado Springs,COS,COS,KCOS,City of Colorado Springs Municipal Airport,P-S,"658,318"
Denver,DEN,DEN,KDEN,Denver International Airport,P-L,"25,497,348"
Durango,DRO,DRO,KDRO,Durango-La Plata County Airport,P-N,"192,797"
Eagle,EGE,EGE,KEGE,Eagle County Regional Airport,P-N,"168,535"
Grand Junction,GJT,GJT,KGJT,Grand Junction Regional Airport (Walker Field),P-N,"211,270"
Gunnison,GUC,GUC,KGUC,Gunnison-Crested Butte Regional Airport,P-N,"30,780"
Hayden,HDN,HDN,KHDN,Yampa Valley Airport (Yampa Valley Regional),P-N,"92,184"
Montrose,MTJ,MTJ,KMTJ,Montrose Regional Airport,P-N,"84,579"
Hartford,BDL,BDL,KBDL,Bradley International Airport,P-M,"2,681,718"
New Haven,HVN,HVN,KHVN,Tweed New Haven Regional Airport,P-N,"37,434"
Daytona Beach,DAB,DAB,KDAB,Daytona Beach International Airport,P-N,"627,917"
Fort Lauderdale,FLL,FLL,KFLL,Fort Lauderdale–Hollywood International Airport,P-L,"11,079,402"
Fort Myers,RSW,RSW,KRSW,Southwest Florida International Airport,P-M,"7,205,205"
Gainesville,GNV,GNV,KGNV,Gainesville Regional Airport,P-N,"413,520"
Jacksonville,JAX,JAX,KJAX,Jacksonville International Airport,P-M,"2,549,712"
Key West,EYW,EYW,KEYW,Key West International Airport,P-S,"403,021"
Melbourne,MLB,MLB,KMLB,Melbourne International Airport,P-N,"211,702"
Miami,MIA,MIA,KMIA,Miami International Airport,P-L,"16,194,277"
Orlando,MCO,MCO,KMCO,Orlando International Airport,P-L,"17,614,745"
Orlando/Sanford,SFB,SFB,KSFB,Orlando Sanford International Airport,P-S,"805,661"
Panama City Beach,ECP,ECP,KECP,Northwest Florida Beaches International Airport [nb 5],P-S,"391,893"
Pensacola,PNS,PNS,KPNS,Pensacola International Airport (Pensacola Gulf Coast Regional Airport),P-S,"744,259"
Punta Gorda,PGD,PGD,KPGD,Punta Gorda Airport (was Charlotte County Airport),P-N,"171,121"
Sarasota / Bradenton,SRQ,SRQ,KSRQ,Sarasota–Bradenton International Airport,P-S,"595,423"
St. Augustine,SGJ,UST,KSGJ,Northeast Florida Regional Airport (was St. Augustine Airport),R,"18,255"
St. Petersburg/Clearwater,PIE,PIE,KPIE,St. Petersburg International Airport,P-S,"814,595"
Tallahassee,TLH,TLH,KTLH,Tallahassee Regional Airport,P-N,"336,129"
Tampa,TPA,TPA,KTPA,Tampa International Airport,P-L,"13,306,354"
Valparaiso,VPS,VPS,KVPS,Destin–Fort Walton Beach Airport / Eglin Air Force Base,P-N,"353,953"
West Palm Beach,PBI,PBI,KPBI,Palm Beach International Airport,P-M,"2,848,901"
Albany,ABY,ABY,KABY,Southwest Georgia Regional Airport,P-N,"31,276"
Atlanta,ATL,ATL,KATL,Hartsfield-Jackson Atlanta International Airport,P-L,"45,308,685"
Augusta,AGS,AGS,KAGS,Augusta Regional Airport (Bush Field),P-N,"261,079"
Brunswick,BQK,BQK,KBQK,Brunswick Golden Isles Airport,P-N,"32,450"
Columbus,CSG,CSG,KCSG,Columbus Metropolitan Airport,P-N,"59,675"
Savannah,SAV,SAV,KSAV,Savannah/Hilton Head International Airport,P-S,"798,970"
Valdosta,VLD,VLD,KVLD,Valdosta Regional Airport,P-N,"36,814"
Hilo,ITO,ITO,PHTO,Hilo International Airport,P-S,"640,411"
Honolulu,HNL,HNL,PHNL,Honolulu International Airport / [[]],P-L,"9,466,995"
Kahului,OGG,OGG,PHOG,Kahului Airport,P-M,"2,955,304"
Kailua/Kona,KOA,KOA,PHKO,Kona International Airport at Keahole,P-S,"1,376,641"
Kaunakakai,MKK,MKK,PHMK,Molokai Airport (Moloka?i Airport),P-N,"63,879"
Lanai City (L?na?i City),LNY,LNY,PHNY,Lanai Airport (L?na?i Airport),P-N,"47,323"
Lihue (L?hu?e),LIH,LIH,PHLI,Lihue Airport (L?hu?e Airport),P-S,"1,315,141"
Boise,BOI,BOI,KBOI,Boise Airport (Boise Air Terminal) (Gowen Field),P-S,"1,313,741"
Hailey,SUN,SUN,KSUN,Friedman Memorial Airport,P-N,"52,393"
Idaho Falls,IDA,IDA,KIDA,Idaho Falls Regional Airport (Fanning Field),P-N,"147,073"
Lewiston,LWS,LWS,KLWS,Lewiston-Nez Perce County Airport,P-N,"62,209"
Pocatello / Arbon Valley,PIH,PIH,KPIH,Pocatello Regional Airport,P-N,"23,775"
Twin Falls,TWF,TWF,KTWF,Magic Valley Regional Airport (Joslin Field),P-N,"28,601"
Belleville,BLV,BLV,KBLV,MidAmerica St. Louis Airport / Scott Air Force Base,P-N,"13,542"
Bloomington / Normal,BMI,BMI,KBMI,Central Illinois Regional Airport at Bloomington-Normal,P-N,"211,957"
Champaign / Urbana,CMI,CMI,KCMI,University of Illinois - Willard Airport,P-N,"84,853"
Chicago,ORD,ORD,KORD,Chicago O'Hare International Airport,P-L,"32,278,906"
Chicago,MDW,MDW,KMDW,Chicago Midway International Airport,P-L,"9,919,985"
Marion,MWA,MWA,KMWA,Williamson County Regional Airport,P-N,"11,241"
Moline,MLI,MLI,KMLI,Quad City International Airport,P-N,"384,198"
Peoria,PIA,PIA,KPIA,General Downing - Peoria International Airport,P-M,"491,000"
Quincy,UIN,UIN,KUIN,Quincy Regional Airport (Baldwin Field),P-N,"10,679"
Rockford,RFD,RFD,KRFD,Chicago Rockford International Airport,P-N,"109,384"
Springfield,SPI,SPI,KSPI,Abraham Lincoln Capital Airport,P-N,"70,685"
Evansville,EVV,EVV,KEVV,Evansville Regional Airport,P-N,"161,279"
Fort Wayne,FWA,FWA,KFWA,Fort Wayne International Airport,P-N,"294,968"
Indianapolis,IND,IND,KIND,Indianapolis International Airport,P-M,"3,535,579"
South Bend,SBN,SBN,KSBN,South Bend International Airport (was South Bend Regional),P-N,"329,403"
Cedar Rapids,CID,CID,KCID,The Eastern Iowa Airport,P-S,"520,360"
Des Moines,DSM,DSM,KDSM,Des Moines International Airport,P-S,"1,079,189"
Dubuque,DBQ,DBQ,KDBQ,Dubuque Regional Airport,P-N,"33,465"
Sioux City,SUX,SUX,KSUX,Sioux Gateway Airport (Col. Bud Day Field),P-N,"25,313"
Waterloo,ALO,ALO,KALO,Waterloo Regional Airport,P-N,"20,984"
Garden City,GCK,GCK,KGCK,Garden City Regional Airport,P-N,"24,456"
Manhattan,MHK,MHK,KMHK,Manhattan Regional Airport,P-N,"65,683"
Wichita,ICT,ICT,KICT,Wichita Dwight D. Eisenhower National Airport (formerly Wichita Mid-Continent Airport),P-S,"736,220"
Covington,CVG,CVG,KCVG,Cincinnati/Northern Kentucky International Airport,P-M,"2,776,377"
Lexington,LEX,LEX,KLEX,Blue Grass Airport,P-S,"604,091"
Louisville,SDF,SDF,KSDF,Louisville International Airport (Standiford Field),P-S,"1,669,470"
Owensboro,OWB,OWB,KOWB,Owensboro-Daviess County Regional Airport,P-N,"21,751"
Paducah,PAH,PAH,KPAH,Barkley Regional Airport,P-N,"20,523"
Alexandria,AEX,AEX,KAEX,Alexandria International Airport,P-N,"183,899"
Baton Rouge,BTR,BTR,KBTR,Baton Rouge Metropolitan Airport (Ryan Field),P-S,"401,035"
Lafayette,LFT,LFT,KLFT,Lafayette Regional Airport,P-N,"233,498"
Lake Charles,LCH,LCH,KLCH,Lake Charles Regional Airport,P-N,"65,281"
Monroe,MLU,MLU,KMLU,Monroe Regional Airport,P-N,"115,757"
New Orleans,MSY,MSY,KMSY,Louis Armstrong New Orleans International Airport,P-M,"4,577,498"
Shreveport,SHV,SHV,KSHV,Shreveport Regional Airport,P-N,"279,897"
Bangor,BGR,BGR,KBGR,Bangor International Airport,P-N,"265,245"
Bar Harbor,BHB,BHB,KBHB,Hancock County-Bar Harbor Airport,P-N,"10,625"
Portland,PWM,PWM,KPWM,Portland International Jetport,P-S,"837,335"
Presque Isle,PQI,PQI,KPQI,Northern Maine Regional Airport at Presque Isle,P-N,"11,488"
Rockland,RKD,RKD,KRKD,Knox County Regional Airport,P-N,"15,724"
Baltimore / Glen Burnie,BWI,BWI,KBWI,Baltimore/Washington International Thurgood Marshall Airport,P-L,"11,134,130"
Salisbury,SBY,SBY,KSBY,Salisbury-Ocean City Wicomico Regional Airport,P-N,"62,670"
Hagerstown,HGR,HGR,KHGR,Hagerstown Regional Airport (Richard A. Henson Field),P-N,"12,941"
Boston,BOS,BOS,KBOS,Gen. Edward Lawrence Logan International Airport,P-L,"14,721,693"
Hyannis,HYA,HYA,KHYA,Barnstable Municipal Airport (Boardman/Polando Field),P-N,"88,055"
Nantucket,ACK,ACK,KACK,Nantucket Memorial Airport,P-N,"184,618"
New Bedford,EWB,EWB,KEWB,New Bedford Regional Airport,P-N,"10,604"
Provincetown,PVC,PVC,KPVC,Provincetown Municipal Airport,P-N,"11,288"
Vineyard Haven,MVY,MVY,KMVY,Martha's Vineyard Airport,P-N,"56,763"
Alpena,APN,APN,KAPN,Alpena County Regional Airport,P-N,"15,914"
Charlevoix,CVX,CVX,KCVX,Charlevoix Municipal Airport,P-N,"16,929"
Detroit / Romulus,DTW,DTW,KDTW,Detroit Metropolitan Wayne County Airport,P-L,"15,683,787"
Escanaba,ESC,ESC,KESC,Delta County Airport,P-N,"15,110"
Flint,FNT,FNT,KFNT,Bishop International Airport,P-S,"398,132"
Grand Rapids,GRR,GRR,KGRR,Gerald R. Ford International Airport,P-S,"1,123,257"
Hancock / Calumet,CMX,CMX,KCMX,Houghton County Memorial Airport,P-N,"25,312"
Iron Mountain / Kingsford,IMT,IMT,KIMT,Ford Airport,P-N,"11,271"
Kalamazoo / Battle Creek,AZO,AZO,KAZO,Kalamazoo/Battle Creek International Airport,P-N,"129,211"
Lansing,LAN,LAN,KLAN,Capital Region International Airport (was Lansing Capital City),P-N,"216,925"
Marquette / Gwinn,SAW,MQT,KSAW,Sawyer International Airport,P-N,"42,355"
Muskegon,MKG,MKG,KMKG,Muskegon County Airport,P-N,"18,020"
Pellston,PLN,PLN,KPLN,Pellston Regional Airport of Emmet County,P-N,"27,281"
Saginaw,MBS,MBS,KMBS,MBS International Airport,P-N,"120,689"
Sault Ste. Marie,CIU,CIU,KCIU,Chippewa County International Airport,P-N,"21,827"
Traverse City,TVC,TVC,KTVC,Cherry Capital Airport,P-N,"189,644"
Bemidji,BJI,BJI,KBJI,Bemidji Regional Airport,P-N,"22,819"
Brainerd,BRD,BRD,KBRD,Brainerd Lakes Regional Airport,P-N,"15,654"
Duluth,DLH,DLH,KDLH,Duluth International Airport,P-N,"155,455"
Hibbing,HIB,HIB,KHIB,Range Regional Airport (was Chisholm–Hibbing Airport),P-N,"11,669"
International Falls,INL,INL,KINL,Falls International Airport,P-N,"15,796"
Minneapolis,MSP,MSP,KMSP,Minneapolis–St. Paul International Airport (Wold–Chamberlain Field),P-L,"16,282,038"
Rochester,RST,RST,KRST,Rochester International Airport,P-N,"110,104"
St. Cloud,STC,STC,KSTC,St. Cloud Regional Airport (scheduled passenger service resumed Dec. 2012),P-N,"15,842"
Columbus / West Point / Starkville,GTR,GTR,KGTR,Golden Triangle Regional Airport,P-N,"41,140"
Gulfport / Biloxi,GPT,GPT,KGPT,Gulfport-Biloxi International Airport,P-N,"369,597"
Hattiesburg / Laurel,PIB,PIB,KPIB,Hattiesburg-Laurel Regional Airport,P-N,"10,633"
Jackson,JAN,JAN,KJAN,Jackson-Evers International Airport,P-S,"596,045"
Columbia,COU,COU,KCOU,Columbia Regional Airport,P-N,"45,714"
Joplin,JLN,JLN,KJLN,Joplin Regional Airport,P-N,"23,329"
Kansas City,MCI,MCI,KMCI,Kansas City International Airport,P-M,"4,836,221"
Springfield,SGF,SGF,KSGF,Springfield-Branson National Airport,P-N,"368,752"
St. Louis,STL,STL,KSTL,Lambert-St. Louis International Airport,P-M,"6,213,972"
Billings,BIL,BIL,KBIL,Billings Logan International Airport,P-S,"387,368"
Bozeman,BZN,BZN,KBZN,Bozeman Yellowstone International Airport (was Gallatin Field Airport),P-S,"442,788"
Butte,BTM,BTM,KBTM,Bert Mooney Airport,P-N,"29,490"
Great Falls,GTF,GTF,KGTF,Great Falls International Airport,P-N,"182,390"
Helena,HLN,HLN,KHLN,Helena Regional Airport,P-N,"97,310"
Kalispell,GPI,FCA,KGPI,Glacier Park International Airport,P-N,"199,701"
Missoula,MSO,MSO,KMSO,Missoula International Airport,P-N,"298,253"
Grand Island,GRI,GRI,KGRI,Central Nebraska Regional Airport,P-N,"57,165"
Kearney,EAR,EAR,KEAR,Kearney Regional Airport (was Kearney Municipal),P-N,"13,096"
Lincoln,LNK,LNK,KLNK,Lincoln Airport (was Lincoln Municipal),P-N,"138,787"
Omaha,OMA,OMA,KOMA,Eppley Airfield,P-M,"1,977,480"
Scottsbluff,BFF,BFF,KBFF,Western Nebraska Regional Airport (William B. Heilig Field),P-N,"10,155"
Boulder City,BVU,BLD,KBVU,Boulder City Municipal Airport,P-N,"103,972"
Elko,EKO,EKO,KEKO,Elko Regional Airport (J.C. Harris Field),P-N,"19,510"
Las Vegas,LAS,LAS,KLAS,McCarran International Airport,P-L,"19,923,594"
Reno,RNO,RNO,KRNO,Reno/Tahoe International Airport,P-S,"1,672,139"
Lebanon,LEB,LEB,KLEB,Lebanon Municipal Airport,P-N,"10,953"
Manchester,MHT,MHT,KMHT,Manchester–Boston Regional Airport,P-S,"1,190,082"
Atlantic City,ACY,ACY,KACY,Atlantic City International Airport,P-S,"534,204"
Trenton,TTN,TTN,KTTN,Trenton Mercer Airport,P-N,"148,256"
Newark,EWR,EWR,KEWR,Newark Liberty International Airport,P-L,"17,514,139"
Albuquerque,ABQ,ABQ,KABQ,Albuquerque International Sunport,P-M,"2,477,960"
Farmington,FMN,FMN,KFMN,Four Corners Regional Airport,P-N,"14,263"
Hobbs,HOB,HOB,KHOB,Lea County Regional Airport,P-N,"17,246"
Roswell,ROW,ROW,KROW,Roswell International Air Center,P-N,"32,616"
Santa Fe,SAF,SAF,KSAF,Santa Fe Municipal Airport (scheduled passenger service resumed 2009),P-N,"65,845"
Albany,ALB,ALB,KALB,Albany International Airport,P-S,"1,196,753"
Binghamton,BGM,BGM,KBGM,Greater Binghamton Airport (Edwin A. Link Field),P-N,"95,210"
Buffalo,BUF,BUF,KBUF,Buffalo Niagara International Airport,P-M,"2,568,018"
Elmira / Corning,ELM,ELM,KELM,Elmira/Corning Regional Airport,P-N,"129,749"
Islip,ISP,ISP,KISP,Long Island MacArthur Airport,P-S,"662,612"
Ithaca,ITH,ITH,KITH,Ithaca Tompkins Regional Airport,P-N,"103,722"
New York,JFK,JFK,KJFK,John F. Kennedy International Airport,P-L,"25,036,855"
New York,LGA,LGA,KLGA,LaGuardia Airport (and Marine Air Terminal),P-L,"13,353,365"
Newburgh,SWF,SWF,KSWF,Stewart International Airport,P-N,"163,815"
Niagara Falls,IAG,IAG,KIAG,Niagara Falls International Airport,P-N,"98,958"
Plattsburgh,PBG,PBG,KPBG,Plattsburgh International Airport,P-N,"151,235"
Rochester,ROC,ROC,KROC,Greater Rochester International Airport,P-S,"1,209,532"
Syracuse,SYR,SYR,KSYR,Syracuse Hancock International Airport,P-S,"991,663"
Watertown,ART,ART,KART,Watertown International Airport,P-N,"18,818"
White Plains,HPN,HPN,KHPN,Westchester County Airport,P-S,"770,550"
Asheville,AVL,AVL,KAVL,Asheville Regional Airport,P-N,"342,731"
Charlotte,CLT,CLT,KCLT,Charlotte/Douglas International Airport,P-L,"21,347,428"
Fayetteville,FAY,FAY,KFAY,Fayetteville Regional Airport (Grannis Field),P-N,"244,345"
Greensboro,GSO,GSO,KGSO,Piedmont Triad International Airport,P-S,"860,124"
Greenville,PGV,PGV,KPGV,Pitt-Greenville Airport,P-N,"60,020"
Jacksonville,OAJ,OAJ,KOAJ,Albert J. Ellis Airport,P-N,"167,528"
New Bern,EWN,EWN,KEWN,Coastal Carolina Regional Airport (was Craven County Regional),P-N,"121,479"
Raleigh,RDU,RDU,KRDU,Raleigh-Durham International Airport,P-M,"4,482,973"
Wilmington,ILM,ILM,KILM,Wilmington International Airport,P-S,"397,737"
Bismarck,BIS,BIS,KBIS,Bismarck Municipal Airport,P-N,"238,929"
Dickinson,DIK,DIK,KDIK,Dickinson Theodore Roosevelt Regional Airport,P-N,"34,979"
Fargo,FAR,FAR,KFAR,Hector International Airport,P-S,"403,786"
Grand Forks,GFK,GFK,KGFK,Grand Forks International Airport,P-N,"148,663"
Minot,MOT,MOT,KMOT,Minot International Airport,P-N,"220,787"
Williston,ISN,ISN,KISN,Sloulin Field International Airport,P-N,"96,078"
Akron / Canton,CAK,CAK,KCAK,Akron-Canton Regional Airport,P-S,"852,332"
Cleveland,CLE,CLE,KCLE,Cleveland-Hopkins International Airport,P-M,"4,375,822"
Columbus,CMH,CMH,KCMH,Port Columbus International Airport,P-M,"3,065,569"
Columbus,LCK,LCK,KLCK,Rickenbacker International Airport,P-N,"17,765"
Dayton,DAY,DAY,KDAY,James M. Cox Dayton International Airport,P-S,"1,244,841"
Toledo,TOL,TOL,KTOL,Toledo Express Airport,P-N,"86,221"
Youngstown / Warren,YNG,YNG,KYNG,Youngstown-Warren Regional Airport / Youngstown ARS,P-N,"47,518"
Lawton,LAW,LAW,KLAW,Lawton–Fort Sill Regional Airport,P-N,"55,526"
Oklahoma City,OKC,OKC,KOKC,Will Rogers World Airport,P-S,"1,790,407"
Tulsa,TUL,TUL,KTUL,Tulsa International Airport,P-S,"1,323,943"
Eugene,EUG,EUG,KEUG,Eugene Airport (Mahlon Sweet Field),P-S,"434,095"
Klamath Falls,LMT,LMT,KLMT,Klamath Falls Airport (Kingsley Field),P-N,"13,433"
Medford,MFR,MFR,KMFR,Rogue Valley International-Medford Airport,P-N,"306,450"
North Bend,OTH,OTH,KOTH,Southwest Oregon Regional Airport (was North Bend Municipal),P-N,"16,864"
Portland,PDX,PDX,KPDX,Portland International Airport,P-L,"7,453,098"
Redmond,RDM,RDM,KRDM,Redmond Municipal Airport (Roberts Field),P-N,"236,303"
Allentown,ABE,ABE,KABE,Lehigh Valley International Airport,P-N,"301,969"
Erie,ERI,ERI,KERI,Erie International Airport (Tom Ridge Field),P-N,"109,520"
Harrisburg / Middletown,MDT,MDT,KMDT,Harrisburg International Airport,P-S,"657,650"
Latrobe,LBE,LBE,KLBE,Arnold Palmer Regional Airport,P-N,"127,040"
Philadelphia,PHL,PHL,KPHL,Philadelphia International Airport,P-L,"14,705,014"
Pittsburgh,PIT,PIT,KPIT,Pittsburgh International Airport,P-M,"3,813,007"
State College,UNV,SCE,KUNV,University Park Airport,P-N,"131,220"
Wilkes-Barre / Scranton,AVP,AVP,KAVP,Wilkes-Barre/Scranton International Airport,P-N,"216,536"
Williamsport,IPT,IPT,KIPT,Williamsport Regional Airport,P-N,"23,371"
Providence / Warwick,PVD,PVD,KPVD,Theodore Francis Green State Airport,P-M,"1,951,566"
Westerly,WST,WST,KWST,Westerly State Airport,P-N,"11,402"
Charleston,CHS,CHS,KCHS,Charleston International Airport / Charleston AFB,P-S,"2,593,063"
Columbia,CAE,CAE,KCAE,Columbia Metropolitan Airport,P-S,"491,921"
Florence,FLO,FLO,KFLO,Florence Regional Airport,P-N,"67,745"
Greer,GSP,GSP,KGSP,Greenville-Spartanburg International Airport (Roger Milliken Field),P-S,"936,288"
Hilton Head Island,HXD,HHH,KHXD,Hilton Head Airport,P-N,"61,705"
Myrtle Beach,MYR,MYR,KMYR,Myrtle Beach International Airport,P-S,"722,775"
Aberdeen,ABR,ABR,KABR,Aberdeen Regional Airport,P-N,"20,089"
Pierre,PIR,PIR,KPIR,Pierre Regional Airport,P-N,"14,686"
Rapid City,RAP,RAP,KRAP,Rapid City Regional Airport,P-N,"284,126"
Sioux Falls,FSD,FSD,KFSD,Sioux Falls Regional Airport (Joe Foss Field),P-N,"355,939"
Bristol / Johnson City / Kingsport,TRI,TRI,KTRI,Tri-Cities Regional Airport (Tri-Cities Regional TN/VA),P-N,"202,114"
Chattanooga,CHA,CHA,KCHA,Chattanooga Metropolitan Airport (Lovell Field),P-N,"292,830"
Knoxville,TYS,TYS,KTYS,McGhee Tyson Airport,P-S,"804,917"
Memphis,MEM,MEM,KMEM,Memphis International Airport,P-M,"4,930,935"
Nashville,BNA,BNA,KBNA,Nashville International Airport (Berry Field),P-M,"4,432,527"
Abilene,ABI,ABI,KABI,Abilene Regional Airport,P-N,"73,605"
Amarillo,AMA,AMA,KAMA,Rick Husband Amarillo International Airport,P-S,"394,593"
Austin,AUS,AUS,KAUS,Austin-Bergstrom International Airport,P-M,"4,201,136"
Beaumont / Port Arthur,BPT,BPT,KBPT,Jack Brooks Regional Airport (was Southeast Texas Regional),P-N,"17,394"
Brownsville,BRO,BRO,KBRO,Brownsville/South Padre Island International Airport,P-N,"84,401"
College Station,CLL,CLL,KCLL,Easterwood Airport (Easterwood Field),P-N,"72,188"
Corpus Christi / Kingsville,CRP,CRP,KCRP,Corpus Christi International Airport,P-S,"339,193"
Dallas,DAL,DAL,KDAL,Dallas Love Field,P-M,"3,783,407"
Dallas-Fort Worth,DFW,DFW,KDFW,Dallas/Fort Worth International Airport,P-L,"27,100,656"
Del Rio,DRT,DRT,KDRT,Del Rio International Airport,P-N,"13,180"
El Paso,ELP,ELP,KELP,El Paso International Airport,P-S,"1,509,093"
Fort Hood / Killeen / Temple,GRK,GRK,KGRK,Killeen-Fort Hood Regional Airport / Robert Gray Army Airfield,P-N,"243,861"
Harlingen,HRL,HRL,KHRL,Valley International Airport,P-S,"373,438"
Houston,IAH,IAH,KIAH,George Bush Intercontinental Airport,P-L,"19,528,631"
Houston,HOU,HOU,KHOU,William P. Hobby Airport,P-M,"4,357,835"
Laredo,LRD,LRD,KLRD,Laredo International Airport,P-N,"112,520"
Longview,GGG,GGG,KGGG,East Texas Regional Airport,P-N,"21,830"
Lubbock,LBB,LBB,KLBB,Lubbock Preston Smith International Airport,P-S,"508,858"
McAllen,MFE,MFE,KMFE,McAllen-Miller International Airport (McAllen Miller International),P-S,"344,302"
Midland,MAF,MAF,KMAF,Midland International Airport,P-S,"445,043"
San Angelo,SJT,SJT,KSJT,San Angelo Regional Airport (Mathis Field),P-N,"56,021"
San Antonio,SAT,SAT,KSAT,San Antonio International Airport,P-M,"3,916,320"
Tyler,TYR,TYR,KTYR,Tyler Pounds Regional Airport,P-N,"74,357"
Waco,ACT,ACT,KACT,Waco Regional Airport,P-N,"61,401"
Wichita Falls,SPS,SPS,KSPS,Wichita Falls Municipal Airport / Sheppard Air Force Base,P-N,"44,296"
Provo,PVU,PVU,KPVU,"Provo Municipal Airport (14,858 enplanements in 2011)[1]",P-N [nb 6],"1,124"
Salt Lake City,SLC,SLC,KSLC,Salt Lake City International Airport,P-L,"9,910,493"
St. George / Beaver,SGU,SGU,KSGU,St. George Municipal Airport (opened 2011),P-N [nb 7],"37,596"
Wendover,ENV,ENV,KENV,Wendover Airport (charter flights),P-N [nb 8],"50,734"
Burlington,BTV,BTV,KBTV,Burlington International Airport,P-S,"640,790"
Charlottesville,CHO,CHO,KCHO,Charlottesville–Albemarle Airport,P-N,"197,776"
Lynchburg,LYH,LYH,KLYH,Lynchburg Regional Airport (Preston Glenn Field),P-N,"93,772"
Newport News,PHF,PHF,KPHF,Newport News/Williamsburg International Airport,P-S,"519,906"
Norfolk,ORF,ORF,KORF,Norfolk International Airport,P-S,"1,663,294"
Richmond,RIC,RIC,KRIC,Richmond International Airport (Byrd Field),P-S,"1,651,131"
Roanoke,ROA,ROA,KROA,Roanoke Regional Airport (Woodrum Field),P-N,"316,478"
Staunton / Waynesboro / Harrisonburg,SHD,SHD,KSHD,Shenandoah Valley Regional Airport,P-N [nb 9],"10,408"
"Washington, D.C. / Arlington County",DCA,DCA,KDCA,Ronald Reagan Washington National Airport,P-L,"8,736,804"
"Washington, D.C. / Chantilly / Dulles",IAD,IAD,KIAD,Washington Dulles International Airport,P-L,"11,276,481"
Bellingham,BLI,BLI,KBLI,Bellingham International Airport,P-N,"398,368"
Friday Harbor,FHR,FRD,KFHR,Friday Harbor Airport,P-N,"12,381"
Pasco,PSC,PSC,KPSC,Tri-Cities Airport,P-N,"312,915"
Port Angeles,CLM,CLM,KCLM,William R. Fairchild International Airport,P-N,"10,616"
"Pullman / Moscow, Idaho",PUW,PUW,KPUW,Pullman/Moscow Regional Airport,P-N,"35,248"
Seattle,BFI,BFI,KBFI,King County International Airport (Boeing Field),P-N,"33,656"
Seattle / Tacoma (SeaTac),SEA,SEA,KSEA,Seattle–Tacoma International Airport,P-L,"15,406,243"
Spokane,GEG,GEG,KGEG,Spokane International Airport (Geiger Field),P-S,"1,545,115"
Walla Walla,ALW,ALW,KALW,Walla Walla Regional Airport,P-N,"29,064"
Wenatchee,EAT,EAT,KEAT,Pangborn Memorial Airport,P-N,"46,837"
Yakima,YKM,YKM,KYKM,Yakima Air Terminal (McAllister Field),P-N,"53,832"
Charleston,CRW,CRW,KCRW,Yeager Airport,P-N,"264,818"
Clarksburg,CKB,CKB,KCKB,North Central West Virginia Airport (was Harrison-Marion Regional),P-N,"10,694"
Huntington,HTS,HTS,KHTS,Tri-State Airport (Milton J. Ferguson Field),P-N,"115,263"
Lewisburg,LWB,LWB,KLWB,Greenbrier Valley Airport,P-N [nb 10],"12,293"
Morgantown,MGW,MGW,KMGW,Morgantown Municipal Airport (Walter L. Bill Hart Field),P-N,"11,249"
Appleton,ATW,ATW,KATW,Outagamie County Regional Airport,P-N,"259,340"
Eau Claire,EAU,EAU,KEAU,Chippewa Valley Regional Airport,P-N,"18,762"
Green Bay,GRB,GRB,KGRB,Austin Straubel International Airport,P-S,"410,348"
La Crosse,LSE,LSE,KLSE,La Crosse Regional Airport,P-N,"111,462"
Madison,MSN,MSN,KMSN,Dane County Regional Airport (Truax Field),P-S,"728,075"
Milwaukee,MKE,MKE,KMKE,General Mitchell International Airport,P-M,"3,861,333"
Wausau,CWA,CWA,KCWA,Central Wisconsin Airport,P-N,"154,312"
Rhinelander,RHI,RHI,KRHI,Rhinelander-Oneida County Airport,P-N,"26,193"
Casper,CPR,CPR,KCPR,Casper/Natrona County International Airport,P-N,"74,167"
Cheyenne,CYS,CYS,KCYS,Cheyenne Regional Airport (Jerry Olson Field),P-N,"16,697"
Cody,COD,COD,KCOD,Yellowstone Regional Airport,P-N,"25,863"
Gillette,GCC,GCC,KGCC,Gillette-Campbell County Airport,P-N,"28,232"
Jackson,JAC,JAC,KJAC,Jackson Hole Airport,P-N,"305,566"
Laramie,LAR,LAR,KLAR,Laramie Regional Airport,P-N,"10,371"
Riverton,RIW,RIW,KRIW,Riverton Regional Airport,P-N,"17,035"
Rock Springs,RKS,RKS,KRKS,Rock Springs – Sweetwater County Airport,P-N,"25,541"
Sheridan,SHR,SHR,KSHR,Sheridan County Airport,P-N,"17,710"
"Pago Pago, Tutuila",PPG,PPG,NSTU,Pago Pago International Airport,P-N,"49,479"
Agana / Tamuning,GUM,GUM,PGUM,Antonio B. Won Pat International Airport,P-S,"1,488,187"
"Obyan, Saipan Island",GSN,SPN,PGSN,Saipan International Airport (Francisco C. Ada),P-S,"448,177"
Rota Island,GRO,ROP,PGRO,Rota International Airport,P-N,"10,092"
Aguadilla,BQN,BQN,TJBQ,Rafael Hernández International Airport,P-N,"240,270"
Ponce,PSE,PSE,TJPS,Mercedita International Airport,P-N,"110,159"
San Juan / Carolina,SJU,SJU,TJSJ,Luis Muñoz Marín International Airport,P-M,"4,635,798"
San Juan / Miramar,SIG,SIG,TJIG,Fernando Luis Ribas Dominicci Airport (Isla Grande Airport),P-N [nb 11],"13,837"
Vieques,VQS,VQS,TJVQ,Antonio Rivera Rodríguez Airport,P-N,"21,517"
"Charlotte Amalie, St. Thomas",STT,STT,TIST,Cyril E. King Airport,P-S,"593,589"
"Christiansted, St. Croix",STX,STX,TISX,Henry E. Rohlsen Airport,P-N,"169,665"
